"id","name","votes"
1,"acne",0
2,"acre",0
4,"advertise",0
5,"aircraft",0
6,"aisle",0
7,"alligator",0
8,"alphabetize",0
9,"america",0
10,"ankle",0
11,"apathy",0
12,"applause",0
13,"applesauce",0
14,"application",0
15,"archaeologist",0
16,"aristocrat",0
17,"arm",0
18,"armada",0
19,"asleep",0
20,"astronaut",0
21,"athlete",0
22,"atlantis",0
23,"aunt",0
24,"avocado",0
25,"baby-sitter",0
26,"backbone",0
27,"bag",0
28,"baguette",0
29,"bald",0
30,"balloon",0
31,"banana",0
32,"banister",0
33,"baseball",0
34,"baseboards",0
35,"basketball",0
36,"bat",0
37,"battery",0
38,"beach",0
39,"beanstalk",0
40,"bedbug",0
41,"beer",0
42,"beethoven",0
43,"belt",0
44,"bib",0
45,"bicycle",0
46,"big",0
47,"bike",0
48,"billboard",0
49,"bird",0
50,"birthday",0
51,"bite",0
52,"blacksmith",0
53,"blanket",0
54,"bleach",0
55,"blimp",0
56,"blossom",0
57,"blueprint",0
58,"blunt",0
59,"blur",0
60,"boa",0
61,"boat",0
63,"bobsled",0
64,"body",0
65,"bomb",0
66,"bonnet",0
67,"book",0
68,"booth",0
69,"bowtie",0
70,"box",0
71,"boy",0
72,"brainstorm",0
73,"brand",0
74,"brave",0
75,"bride",0
76,"bridge",0
77,"broccoli",0
78,"broken",0
79,"broom",0
80,"bruise",0
81,"brunette",0
82,"bubble",0
83,"buddy",0
84,"buffalo",0
85,"bulb",0
86,"bunny",0
87,"bus",0
88,"buy",0
89,"cabin",0
90,"cafeteria",0
91,"cake",0
92,"calculator",0
93,"campsite",0
94,"can",0
95,"canada",0
96,"candle",0
97,"candy",0
98,"cape",0
99,"capitalism",0
100,"car",0
101,"cardboard",0
102,"cartography",0
103,"cat",0
104,"cd",0
105,"ceiling",0
106,"cell",0
107,"century",0
108,"chair",0
109,"chalk",0
110,"champion",0
111,"charger",0
112,"cheerleader",0
113,"chef",0
114,"chess",0
115,"chew",0
116,"chicken",0
117,"chime",0
118,"china",0
119,"chocolate",0
120,"church",0
121,"circus",0
122,"clay",0
123,"cliff",0
124,"cloak",0
125,"clockwork",0
126,"clown",0
127,"clue",0
128,"coach",0
129,"coal",0
130,"coaster",0
131,"cog",0
132,"cold",0
133,"college",0
134,"comfort",0
135,"computer",0
136,"cone",0
137,"constrictor",0
138,"continuum",0
139,"conversation",0
140,"cook",0
141,"coop",0
142,"cord",0
143,"corduroy",0
144,"cot",0
145,"cough",0
146,"cow",0
147,"cowboy",0
148,"cranberry",0
149,"crayon",0
150,"cream",0
151,"crisp",0
152,"criticize",0
153,"crow",0
154,"cruise",0
155,"crumb",0
156,"crust",0
157,"cuff",0
158,"curtain",0
159,"cuticle",0
160,"czar",0
161,"dad",0
162,"dart",0
163,"dawn",0
164,"day",0
165,"deep",0
166,"defect",0
167,"dent",0
168,"dentist",0
169,"desk",0
170,"dictionary",0
171,"dimple",0
172,"dirty",0
173,"dismantle",0
174,"ditch",0
175,"diver",0
176,"doctor",0
177,"dog",0
178,"doghouse",0
179,"doll",0
180,"dominoes",0
181,"door",0
182,"dot",0
183,"drain",0
184,"draw",0
185,"dream",0
186,"dress",0
187,"drink",0
188,"drip",0
189,"drums",0
190,"dryer",0
191,"duck",0
192,"dump",0
193,"dunk",0
194,"dust",0
195,"ear",0
196,"eat",0
197,"ebony",0
198,"elbow",0
199,"electricity",0
200,"elephant",0
201,"elevator",0
202,"elf",0
203,"elm",0
204,"engine",0
205,"england",0
206,"ergonomic",0
207,"escalator",0
208,"eureka",0
209,"europe",0
210,"evolution",0
211,"extension",0
212,"eyebrow",0
213,"fan",0
214,"fancy",0
215,"fast",0
216,"feast",0
217,"fence",0
218,"feudalism",0
219,"fiddle",0
220,"figment",0
221,"finger",0
222,"fire",0
223,"first",0
224,"fishing",0
225,"fix",0
226,"fizz",0
227,"flagpole",0
228,"flannel",0
229,"flashlight",0
230,"flock",0
231,"flotsam",0
232,"flower",0
233,"flu",0
234,"flush",0
235,"flutter",0
236,"fog",0
237,"foil",0
238,"football",0
239,"forehead",0
240,"forever",0
241,"fortnight",0
242,"france",0
243,"freckle",0
244,"freight",0
245,"fringe",0
246,"frog",0
247,"frown",0
248,"gallop",0
249,"game",0
250,"garbage",0
251,"garden",0
252,"gasoline",0
253,"gem",0
254,"ginger",0
255,"gingerbread",0
256,"girl",0
257,"glasses",0
258,"goblin",0
259,"gold",0
260,"goodbye",0
261,"grandpa",0
262,"grape",0
263,"grass",0
264,"gratitude",0
265,"gray",0
266,"green",0
267,"guitar",0
268,"gum",0
269,"gumball",0
270,"hair",0
271,"half",0
272,"handle",0
273,"handwriting",0
274,"hang",0
276,"hat",0
277,"hatch",0
278,"headache",0
279,"heart",0
280,"hedge",0
281,"helicopter",0
282,"hello",0
283,"hem",0
284,"hide",0
285,"hill",0
286,"hockey",0
287,"homework",0
288,"honk",0
289,"hopscotch",0
290,"horse",0
291,"hose",0
292,"hot",0
293,"house",0
294,"houseboat",0
295,"hug",0
296,"humidifier",0
297,"hungry",0
298,"hurdle",0
299,"hurt",0
300,"hut",0
301,"ice",0
302,"implode",0
303,"inn",0
304,"inquisition",0
305,"intern",0
306,"internet",0
307,"invitation",0
308,"ironic",0
309,"ivory",0
310,"ivy",0
311,"jade",0
312,"japan",0
313,"jeans",0
314,"jelly",0
315,"jet",0
316,"jig",0
317,"jog",0
318,"journal",0
319,"jump",0
320,"key",0
321,"killer",0
322,"kilogram",0
323,"king",0
324,"kitchen",0
325,"kite",0
326,"knee",0
327,"kneel",0
328,"knife",0
329,"knight",0
330,"koala",0
331,"lace",0
332,"ladder",0
333,"ladybug",0
334,"lag",0
335,"landfill",0
336,"lap",0
337,"laugh",0
338,"laundry",0
339,"law",0
340,"lawn",0
341,"lawnmower",0
342,"leak",0
343,"leg",0
344,"letter",0
345,"level",0
346,"lifestyle",0
347,"ligament",0
349,"lightsaber",0
350,"lime",0
351,"lion",0
352,"lizard",0
353,"log",0
354,"loiterer",0
355,"lollipop",0
356,"loveseat",0
357,"loyalty",0
358,"lunch",0
359,"lunchbox",0
360,"lyrics",0
361,"machine",0
362,"macho",0
363,"mailbox",0
364,"mammoth",0
366,"mars",0
367,"mascot",0
368,"mast",0
369,"matchstick",0
370,"mate",0
371,"mattress",0
372,"mess",0
373,"mexico",0
374,"midsummer",0
375,"mine",0
376,"mistake",0
377,"modern",0
378,"mold",0
379,"mom",0
380,"monday",0
381,"money",0
382,"monitor",0
383,"monster",0
384,"mooch",0
385,"moon",0
386,"mop",0
387,"moth",0
388,"motorcycle",0
389,"mountain",0
390,"mouse",0
391,"mower",0
392,"mud",0
393,"music",0
394,"mute",0
395,"nature",0
396,"negotiate",0
397,"neighbor",0
398,"nest",0
399,"neutron",0
400,"niece",0
401,"night",0
402,"nightmare",0
403,"nose",0
404,"oar",0
405,"observatory",0
406,"office",0
407,"oil",0
408,"old",0
409,"olympian",0
410,"opaque",0
411,"opener",0
412,"orbit",0
414,"organize",0
415,"outer",0
416,"outside",0
417,"ovation",0
418,"overture",0
419,"pail",0
420,"paint",0
421,"pajamas",0
422,"palace",0
423,"pants",0
424,"paper",0
425,"park",0
426,"parody",0
427,"party",0
428,"password",0
429,"pastry",0
430,"pawn",0
431,"pear",0
432,"pen",0
433,"pencil",0
434,"pendulum",0
435,"penis",0
436,"penny",0
437,"pepper",0
438,"personal",0
439,"philosopher",0
440,"phone",0
441,"photograph",0
442,"piano",0
443,"picnic",0
444,"pigpen",0
445,"pillow",0
446,"pilot",0
447,"pinch",0
448,"ping",0
449,"pinwheel",0
450,"pirate",0
451,"plaid",0
452,"plan",0
453,"plank",0
454,"plate",0
455,"platypus",0
456,"playground",0
457,"plow",0
458,"plumber",0
459,"pocket",0
460,"poem",0
461,"point",0
462,"pole",0
463,"pomp",0
464,"pong",0
465,"pool",0
466,"popsicle",0
467,"population",0
468,"portfolio",0
469,"portland",0
470,"positive",0
471,"post",0
472,"princess",0
473,"procrastinate",0
474,"protestant",0
475,"psychologist",0
477,"punk",0
478,"puppet",0
479,"puppy",0
480,"push",0
481,"puzzle",0
482,"quarantine",0
483,"queen",0
484,"quicksand",0
485,"quiet",0
486,"race",0
487,"radio",0
488,"raft",0
489,"rag",0
490,"rainbow",0
491,"rainwater",0
492,"random",0
493,"ray",0
494,"recycle",0
495,"red",0
496,"regret",0
498,"retaliate",0
499,"rib",0
500,"riddle",0
501,"rim",0
502,"rink",0
503,"roller",0
504,"room",0
505,"rose",0
506,"round",0
507,"roundabout",0
508,"rung",0
509,"runt",0
510,"rut",0
512,"safe",0
513,"salmon",0
514,"salt",0
515,"sandbox",0
516,"sandcastle",0
517,"sandwich",0
518,"sash",0
519,"satellite",0
520,"scar",0
521,"scared",0
522,"school",0
523,"scoundrel",0
524,"scramble",0
525,"scuff",0
526,"seashell",0
527,"season",0
528,"sentence",0
529,"sequins",0
530,"set",0
531,"shaft",0
532,"shallow",0
533,"shampoo",0
534,"shark",0
535,"sheep",0
536,"sheets",0
537,"sheriff",0
538,"shipwreck",0
539,"shirt",0
540,"shoelace",0
541,"short",0
542,"shower",0
543,"shrink",0
544,"sick",0
545,"siesta",0
546,"silhouette",0
547,"singer",0
548,"sip",0
549,"skate",0
550,"skating",0
551,"ski",0
552,"slam",0
553,"sleep",0
554,"sling",0
555,"slow",0
556,"slump",0
557,"smith",0
558,"sneeze",0
559,"snow",0
560,"snuggle",0
561,"song",0
562,"space",0
563,"spare",0
564,"speakers",0
565,"spider",0
566,"spit",0
567,"sponge",0
568,"spool",0
569,"spoon",0
570,"spring",0
571,"sprinkler",0
572,"spy",0
573,"square",0
574,"squint",0
575,"stairs",0
576,"standing",0
577,"star",0
578,"state",0
579,"stick",0
580,"stockholder",0
581,"stoplight",0
582,"stout",0
583,"stove",0
584,"stowaway",0
585,"straw",0
586,"stream",0
587,"streamline",0
588,"stripe",0
589,"student",0
590,"sun",0
591,"sunburn",0
592,"sushi",0
593,"swamp",0
594,"swarm",0
595,"sweater",0
596,"swimming",0
597,"swing",0
598,"tachometer",0
599,"talk",0
600,"taxi",0
601,"teacher",0
602,"teapot",0
603,"teenager",0
604,"telephone",0
605,"television",0
606,"ten",0
607,"tennis",0
608,"thief",0
609,"think",0
610,"throne",0
611,"through",0
612,"thunder",0
613,"tide",0
614,"tiger",0
615,"time",0
616,"tinting",0
617,"tiptoe",0
618,"tiptop",0
619,"tired",0
620,"tissue",0
621,"toast",0
622,"toilet",0
623,"tool",0
624,"toothbrush",0
625,"tornado",0
626,"tournament",0
627,"tractor",0
628,"train",0
629,"trash",0
630,"treasure",0
631,"tree",0
632,"triangle",0
633,"trip",0
634,"truck",0
635,"tub",0
636,"tuba",0
637,"tutor",0
638,"twang",0
639,"twig",0
640,"twitterpated",0
641,"type",0
642,"unemployed",0
643,"upgrade",0
644,"vest",0
645,"vision",0
646,"wag",0
647,"water",0
648,"watermelon",0
649,"wax",0
650,"wedding",0
651,"weed",0
652,"welder",0
653,"whatever",0
654,"wheelchair",0
655,"whiplash",0
656,"whisk",0
657,"whistle",0
658,"white",0
659,"wig",0
660,"will",0
661,"windmill",0
662,"winter",0
663,"wish",0
664,"wolf",0
665,"wool",0
666,"world",0
667,"worm",0
668,"wristwatch",0
669,"yardstick",0
670,"zamboni",0
671,"zen",0
672,"zero",0
673,"zipper",0
674,"zone",0
675,"zoo",0
676,"bucks lake",0
677,"sierras",0
678,"chipmunk",0
679,"jeep",0
680,"horseradish",0
681,"pie",0
682,"stack",0
683,"pancake",0
684,"crepe",0
685,"wine",0
686,"vertigo",0
687,"walrus",0
688,"marshall",0
689,"hover",0
690,"howl",0
691,"leg lamp",0
692,"granite",0
693,"cool whip",0
694,"kleenex",0
695,"wren",0
696,"skipper",0
697,"corona",0
698,"trump steaks",0
699,"key lime",0
700,"tiger king",0
701,"world of warcraft",0
702,"bubble tea",0
703,"virus",0
704,"pinkie",0
705,"porcupine",0
706,"lorry",0
707,"mutton chops",0
708,"roosevelt",0
